{
    "NVDA_BPLUS_LIVE":  0.014000,
    "SPY_ORB_LIVE":     0.010000,
    "QQQ_ORB_LIVE":     0.010000
}